[{"fields": {"name": "\u0410\u0434\u043c\u0438\u0440\u0430\u043b\u0442\u0435\u0439\u0441\u043a\u0438\u0439"}, "model": "core.district", "pk": 1}, {"fields": {"name": "\u0412\u0430\u0441\u0438\u043b\u0435\u043e\u0441\u0442\u0440\u043e\u0432\u0441\u043a\u0438\u0439"}, "model": "core.district", "pk": 2}, {"fields": {"name": "\u0412\u044b\u0431\u043e\u0440\u0433\u0441\u043a\u0438\u0439"}, "model": "core.district", "pk": 3}, {"fields": {"name": "\u041a\u0430\u043b\u0438\u043d\u0438\u043d\u0441\u043a\u0438\u0439"}, "model": "core.district", "pk": 4}, {"fields": {"name": "\u041a\u0438\u0440\u043e\u0432\u0441\u043a\u0438\u0439"}, "model": "core.district", "pk": 5}, {"fields": {"name": "\u041a\u043e\u043b\u043f\u0438\u043d\u0441\u043a\u0438\u0439"}, "model": "core.district", "pk": 6}, {"fields": {"name": "\u041a\u0440\u0430\u0441\u043d\u043e\u0433\u0432\u0430\u0440\u0434\u0435\u0439\u0441\u043a\u0438\u0439"}, "model": "core.district", "pk": 7}, {"fields": {"name": "\u041a\u0440\u0430\u0441\u043d\u043e\u0441\u0435\u043b\u044c\u0441\u043a\u0438\u0439"}, "model": "core.district", "pk": 8}, {"fields": {"name": "\u041a\u0440\u043e\u043d\u0448\u0442\u0430\u0434\u0442c\u043a\u0438\u0439"}, "model": "core.district", "pk": 9}, {"fields": {"name": "\u041a\u0443\u0440\u043e\u0440\u0442\u043d\u044b\u0439"}, "model": "core.district", "pk": 10}, {"fields": {"name": "\u041c\u043e\u0441\u043a\u043e\u0432\u0441\u043a\u0438\u0439"}, "model": "core.district", "pk": 11}, {"fields": {"name": "\u041d\u0435\u0432\u0441\u043a\u0438\u0439"}, "model": "core.district", "pk": 12}, {"fields": {"name": "\u041f\u0435\u0442\u0440\u043e\u0433\u0440\u0430\u0434\u0441\u043a\u0438\u0439"}, "model": "core.district", "pk": 13}, {"fields": {"name": "\u041f\u0435\u0442\u0440\u043e\u0434\u0432\u043e\u0440\u0446\u043e\u0432\u044b\u0439"}, "model": "core.district", "pk": 14}, {"fields": {"name": "\u041f\u0440\u0438\u043c\u043e\u0440\u0441\u043a\u0438\u0439"}, "model": "core.district", "pk": 15}, {"fields": {"name": "\u041f\u0443\u0448\u043a\u0438\u043d\u0441\u043a\u0438\u0439"}, "model": "core.district", "pk": 16}, {"fields": {"name": "\u0424\u0440\u0443\u043d\u0437\u0435\u043d\u0441\u043a\u0438\u0439"}, "model": "core.district", "pk": 17}, {"fields": {"name": "\u0426\u0435\u043d\u0442\u0440\u0430\u043b\u044c\u043d\u044b\u0439"}, "model": "core.district", "pk": 18}]